venta_id,fecha_venta,producto_id,cliente_id,cantidad,precio_unitario,total
1,2025-03-10,P046,C085,7,42.31,296.17
2,2024-07-27,P033,C085,1,119.4,119.4
3,2024-12-20,P043,C029,7,37.84,264.88
4,2024-05-05,P023,C066,1,31.33,31.33
5,2024-10-08,P009,C094,10,16.8,168.0
6,2023-09-28,P020,C032,2,40.73,81.46
7,2023-12-19,P045,C082,4,71.09,284.36
8,2023-09-11,P048,C041,5,161.35,806.75
9,2023-08-10,P029,C031,2,11.29,22.58
10,2024-09-09,P017,C035,7,111.53,780.71
11,2023-08-14,P019,C042,7,8.22,57.54
12,2023-08-05,P008,C012,9,21.43,192.87
13,2023-07-26,P036,C038,1,89.41,89.41
14,2024-06-06,P005,C027,1,25.59,25.59
15,2024-11-25,P032,C058,5,39.08,195.4
16,2023-12-09,P037,C066,6,42.86,257.16
17,2024-08-28,P029,C042,3,14.62,43.86
18,2023-08-25,P005,C030,10,32.53,325.3
19,2023-09-02,P034,C058,8,116.27,930.16
20,2023-11-28,P033,C021,8,85.5,684.0
21,2024-08-10,P026,C078,9,47.62,428.58
22,2025-04-03,P045,C095,2,72.36,144.72
23,2024-01-24,P001,C037,8,139.9,1119.2
24,2024-04-20,P016,C018,10,18.19,181.9
25,2024-12-02,P030,C066,10,110.19,1101.9
26,2024-12-04,P047,C012,8,132.44,1059.52
27,2023-10-06,P023,C078,3,28.55,85.65
28,2024-06-02,P023,C004,8,31.58,252.64
29,2024-08-31,P012,C079,8,153.66,1229.28
30,2024-02-04,P030,C029,10,112.51,1125.1
31,2024-02-13,P039,C003,7,115.82,810.74
32,2023-07-23,P034,C015,3,146.93,440.79
33,2024-08-21,P039,C054,5,91.43,457.15
34,2023-05-28,P035,C063,6,109.45,656.7
35,2023-08-21,P032,C081,8,43.68,349.44
36,2024-10-26,P008,C018,5,30.88,154.4
37,2024-10-13,P020,C026,10,41.34,413.4
38,2023-11-20,P009,C068,4,22.04,88.16
39,2024-05-27,P050,C063,9,58.22,523.98
40,2024-01-24,P006,C049,10,144.1,1441.0
41,2023-06-11,P039,C080,3,78.05,234.15
42,2023-11-29,P031,C085,8,36.49,291.92
43,2024-10-22,P003,C093,9,61.0,549.0
44,2024-09-03,P039,C061,4,82.95,331.8
45,2023-08-05,P031,C057,5,39.58,197.9
46,2023-12-02,P030,C030,6,74.22,445.32
47,2024-03-16,P023,C093,3,30.03,90.09
48,2024-05-22,P050,C006,8,72.46,579.68
49,2024-07-06,P026,C063,9,72.35,651.15
50,2024-06-09,P044,C094,10,71.62,716.2
51,2024-10-28,P006,C082,3,109.47,328.41
52,2024-04-22,P029,C051,6,10.15,60.9
53,2024-09-28,P018,C001,4,109.15,436.6
54,2023-08-01,P040,C020,8,78.49,627.92
55,2023-11-12,P040,C099,6,57.61,345.66
56,2023-08-04,P050,C089,8,79.95,639.6
57,2024-07-10,P031,C057,5,55.1,275.5
58,2025-01-25,P012,C022,2,163.76,327.52
59,2024-09-21,P021,C071,7,61.21,428.47
60,2023-08-10,P031,C035,1,57.04,57.04
61,2024-08-09,P001,C035,8,154.77,1238.16
62,2024-09-19,P046,C008,1,37.27,37.27
63,2024-05-09,P028,C033,2,42.71,85.42
64,2024-01-05,P022,C074,2,104.71,209.42
65,2024-08-04,P011,C028,6,172.24,1033.44
66,2024-04-11,P041,C083,1,42.86,42.86
67,2025-03-18,P043,C015,1,39.25,39.25
68,2024-03-30,P032,C087,9,45.9,413.1
69,2023-06-12,P034,C003,2,94.66,189.32
70,2024-06-28,P035,C088,4,144.87,579.48
71,2024-09-12,P020,C030,10,52.62,526.2
72,2023-11-27,P028,C048,10,36.19,361.9
73,2025-01-29,P008,C063,7,31.52,220.64
74,2025-02-08,P035,C085,3,143.44,430.32
75,2024-04-21,P022,C011,2,105.61,211.22
76,2024-09-04,P007,C095,8,93.11,744.88
77,2024-05-05,P002,C033,1,119.54,119.54
78,2025-01-19,P024,C078,5,26.8,134.0
79,2024-04-29,P016,C099,4,22.16,88.64
80,2024-08-13,P012,C088,4,166.13,664.52
81,2023-11-21,P021,C033,10,48.43,484.3
82,2024-03-09,P043,C057,1,47.38,47.38
83,2024-12-27,P012,C009,1,139.18,139.18
84,2023-11-13,P035,C064,8,115.33,922.64
85,2024-12-17,P010,C061,5,36.4,182.0
86,2023-09-12,P005,C006,5,34.73,173.65
87,2024-04-03,P032,C024,10,48.82,488.2
88,2023-10-12,P040,C090,10,75.55,755.5
89,2024-10-12,P025,C008,6,95.06,570.36
90,2025-01-18,P048,C051,9,150.67,1356.03
91,2023-09-06,P011,C019,4,142.68,570.72
92,2023-10-28,P026,C089,5,50.66,253.3
93,2024-08-24,P032,C060,2,43.65,87.3
94,2023-08-02,P038,C057,6,92.04,552.24
95,2023-10-27,P018,C077,2,126.84,253.68
96,2024-07-25,P006,C032,8,132.78,1062.24
97,2023-06-10,P023,C057,1,25.01,25.01
98,2024-11-30,P006,C018,10,126.0,1260.0
99,2024-03-16,P039,C082,9,92.36,831.24
100,2024-05-02,P040,C080,2,69.59,139.18
101,2023-06-22,P035,C031,1,155.88,155.88
102,2025-02-07,P023,C090,8,31.17,249.36
103,2024-12-12,P039,C006,8,75.67,605.36
104,2023-11-17,P009,C053,8,18.26,146.08
105,2025-03-05,P005,C075,7,33.56,234.92
106,2024-11-19,P028,C019,2,29.95,59.9
107,2023-11-16,P016,C082,4,17.31,69.24
108,2024-06-20,P004,C038,10,140.57,1405.7
109,2024-11-26,P009,C041,8,20.12,160.96
110,2023-11-19,P021,C004,2,46.8,93.6
111,2023-09-13,P037,C068,8,64.49,515.92
112,2024-08-30,P045,C058,4,64.25,257.0
113,2025-04-09,P011,C090,8,141.08,1128.64
114,2023-12-18,P024,C037,10,22.49,224.9
115,2024-08-21,P041,C036,8,35.67,285.36
116,2024-12-12,P033,C061,3,88.51,265.53
117,2025-02-23,P031,C047,7,44.12,308.84
118,2023-07-27,P016,C007,4,20.61,82.44
119,2024-01-17,P016,C080,2,14.39,28.78
120,2023-09-22,P030,C062,10,104.55,1045.5
121,2023-11-28,P044,C089,5,46.57,232.85
122,2023-07-03,P043,C059,6,44.54,267.24
123,2024-08-12,P019,C032,9,8.91,80.19
124,2024-12-01,P034,C018,1,117.11,117.11
125,2024-02-12,P024,C060,7,23.46,164.22
126,2023-11-27,P005,C098,1,32.47,32.47
127,2025-02-08,P037,C012,10,50.05,500.5
128,2024-05-13,P047,C096,6,103.74,622.44
129,2023-08-03,P012,C030,6,161.72,970.32
130,2023-09-29,P030,C085,9,86.21,775.89
131,2025-02-07,P027,C039,7,168.45,1179.15
132,2023-09-25,P048,C003,7,159.23,1114.61
133,2023-10-03,P048,C034,2,110.55,221.1
134,2024-09-21,P048,C082,5,146.7,733.5
135,2023-07-06,P036,C022,8,89.03,712.24
136,2023-12-24,P032,C039,3,38.96,116.88
137,2024-02-20,P018,C042,9,141.3,1271.7
138,2025-04-02,P024,C041,2,26.18,52.36
139,2024-12-15,P017,C018,9,107.25,965.25
140,2025-04-12,P022,C025,10,143.67,1436.7
141,2024-03-10,P005,C023,3,28.68,86.04
142,2024-09-19,P035,C054,4,157.13,628.52
143,2025-04-01,P044,C094,4,73.9,295.6
144,2023-09-05,P035,C025,10,104.45,1044.5
145,2023-09-09,P030,C067,5,109.18,545.9
146,2024-07-28,P035,C045,6,153.06,918.36
147,2023-06-17,P018,C026,5,126.56,632.8
148,2023-07-03,P049,C025,2,20.35,40.7
149,2023-06-12,P010,C037,3,32.06,96.18
150,2023-08-02,P040,C088,6,60.13,360.78
151,2025-01-15,P016,C036,6,15.07,90.42
152,2024-03-18,P034,C045,4,92.69,370.76
153,2025-04-11,P011,C078,4,149.86,599.44
154,2023-10-27,P017,C076,6,112.12,672.72
155,2023-06-30,P022,C055,6,154.76,928.56
156,2023-10-19,P025,C022,4,123.53,494.12
157,2024-01-21,P018,C046,2,146.09,292.18
158,2024-06-07,P013,C044,9,47.33,425.97
159,2025-03-27,P009,C077,3,16.23,48.69
160,2024-01-03,P027,C090,2,170.53,341.06
161,2023-09-12,P020,C007,2,52.76,105.52
162,2024-10-12,P050,C037,5,80.97,404.85
163,2024-10-08,P038,C095,9,116.18,1045.62
164,2024-04-09,P045,C041,7,66.43,465.01
165,2024-06-21,P034,C087,5,102.87,514.35
166,2024-08-25,P007,C030,10,101.59,1015.9
167,2024-09-06,P026,C009,3,47.38,142.14
168,2024-02-20,P041,C022,9,36.8,331.2
169,2024-02-23,P038,C080,7,90.69,634.83
170,2023-09-07,P048,C062,9,155.5,1399.5
171,2024-01-24,P028,C080,5,33.08,165.4
172,2025-03-31,P022,C077,7,141.67,991.69
173,2025-02-15,P045,C045,5,53.47,267.35
174,2023-09-08,P028,C083,7,32.54,227.78
175,2024-03-18,P014,C099,3,30.82,92.46
176,2023-10-16,P026,C037,1,74.9,74.9
177,2024-11-07,P016,C072,9,16.8,151.2
178,2025-03-06,P028,C099,10,39.57,395.7
179,2024-02-27,P004,C036,8,116.47,931.76
180,2024-02-17,P025,C084,8,107.56,860.48
181,2023-05-13,P024,C086,10,23.47,234.7
182,2024-01-06,P040,C092,6,67.27,403.62
183,2025-03-03,P031,C066,3,51.42,154.26
184,2025-05-04,P009,C085,2,17.67,35.34
185,2024-01-22,P034,C045,6,107.0,642.0
186,2024-03-14,P003,C026,9,72.49,652.41
187,2023-09-16,P016,C001,1,18.61,18.61
188,2024-03-10,P045,C095,10,75.32,753.2
189,2023-10-25,P049,C040,8,22.91,183.28
190,2024-06-01,P015,C088,4,54.58,218.32
191,2023-10-12,P033,C096,1,111.44,111.44
192,2025-05-04,P037,C038,8,49.09,392.72
193,2023-09-21,P032,C026,2,56.85,113.7
194,2024-08-17,P028,C032,9,40.77,366.93
195,2024-12-12,P046,C055,1,36.15,36.15
196,2025-02-22,P045,C007,5,68.48,342.4
197,2024-06-02,P034,C043,7,101.47,710.29
198,2024-12-21,P005,C087,8,32.82,262.56
199,2024-11-18,P040,C007,10,88.04,880.4
200,2025-02-06,P022,C010,3,111.33,333.99
201,2023-05-21,P026,C047,8,48.08,384.64
202,2024-10-05,P049,C100,9,18.0,162.0
203,2025-03-08,P012,C012,10,138.0,1380.0
204,2024-03-08,P041,C009,4,52.11,208.44
205,2023-07-15,P023,C074,6,23.63,141.78
206,2023-11-24,P041,C071,1,50.8,50.8
207,2025-05-09,P008,C029,5,28.05,140.25
208,2023-06-03,P044,C060,6,46.23,277.38
209,2024-08-26,P007,C081,6,103.79,622.74
210,2024-06-18,P042,C009,1,32.99,32.99
211,2023-12-18,P013,C045,6,63.89,383.34
212,2024-08-08,P049,C065,10,15.91,159.1
213,2024-01-24,P043,C028,5,44.91,224.55
214,2023-10-31,P005,C051,8,27.36,218.88
215,2024-04-22,P019,C098,3,8.46,25.38
216,2024-11-30,P011,C085,6,158.74,952.44
217,2024-11-10,P002,C055,1,117.94,117.94
218,2023-07-14,P014,C018,6,39.12,234.72
219,2024-09-17,P038,C042,2,89.23,178.46
220,2024-10-24,P002,C047,4,144.04,576.16
221,2023-09-24,P011,C043,4,176.21,704.84
222,2023-09-08,P046,C046,4,39.69,158.76
223,2024-01-08,P016,C086,9,22.15,199.35
224,2024-05-27,P014,C049,3,44.68,134.04
225,2023-11-21,P013,C076,5,74.11,370.55
226,2024-05-16,P049,C017,2,14.29,28.58
227,2024-10-05,P018,C071,4,126.39,505.56
228,2024-09-05,P013,C039,10,62.24,622.4
229,2024-01-20,P014,C018,10,36.49,364.9
230,2024-07-17,P005,C011,3,27.5,82.5
231,2024-06-17,P033,C019,5,88.85,444.25
232,2023-09-05,P032,C045,7,57.8,404.6
233,2024-02-17,P002,C034,10,123.37,1233.7
234,2024-06-11,P010,C052,2,42.63,85.26
235,2025-01-01,P001,C068,9,159.32,1433.88
236,2025-04-08,P018,C034,1,126.22,126.22
237,2025-01-20,P039,C081,8,96.0,768.0
238,2023-06-03,P039,C004,1,104.11,104.11
239,2023-12-10,P007,C034,8,96.14,769.12
240,2024-09-13,P047,C072,5,137.37,686.85
241,2024-03-28,P006,C099,9,138.45,1246.05
242,2023-06-27,P036,C095,3,92.19,276.57
243,2024-04-21,P045,C082,6,79.23,475.38
244,2023-08-19,P030,C087,3,101.76,305.28
245,2024-12-19,P031,C053,10,40.13,401.3
246,2023-07-04,P018,C081,8,144.44,1155.52
247,2023-11-14,P049,C079,3,18.68,56.04
248,2023-12-06,P012,C027,7,161.03,1127.21
249,2025-03-27,P014,C038,1,40.82,40.82
250,2023-10-16,P015,C090,9,78.08,702.72
251,2025-01-05,P029,C040,9,9.45,85.05
252,2024-06-18,P015,C033,8,61.05,488.4
253,2024-07-15,P014,C100,9,44.21,397.89
254,2023-11-23,P014,C064,6,44.07,264.42
255,2023-10-15,P022,C017,1,116.65,116.65
256,2023-06-25,P049,C031,2,15.0,30.0
257,2024-07-16,P039,C060,3,101.79,305.37
258,2023-11-11,P048,C005,10,167.32,1673.2
259,2025-01-08,P024,C058,8,21.7,173.6
260,2025-04-28,P036,C065,9,113.42,1020.78
261,2024-01-31,P030,C040,7,107.65,753.55
262,2025-03-12,P025,C062,1,120.38,120.38
263,2023-11-06,P035,C034,5,131.39,656.95
264,2024-02-06,P044,C089,6,59.1,354.6
265,2023-06-15,P016,C001,10,15.34,153.4
266,2023-09-04,P031,C051,1,50.89,50.89
267,2024-03-23,P031,C059,3,53.58,160.74
268,2024-09-05,P001,C033,3,161.68,485.04
269,2023-12-04,P039,C002,2,107.0,214.0
270,2025-03-25,P041,C070,10,41.35,413.5
271,2025-05-07,P037,C097,5,46.95,234.75
272,2025-02-16,P013,C094,4,73.16,292.64
273,2025-01-05,P037,C083,6,42.14,252.84
274,2024-09-23,P004,C026,6,93.19,559.14
275,2023-05-17,P028,C009,9,34.52,310.68
276,2023-12-04,P049,C099,3,22.29,66.87
277,2024-11-22,P045,C047,8,79.2,633.6
278,2024-03-22,P011,C084,8,176.54,1412.32
279,2024-05-06,P036,C026,8,85.18,681.44
280,2024-05-19,P001,C037,4,142.56,570.24
281,2024-04-02,P039,C030,2,75.0,150.0
282,2025-03-29,P037,C006,7,48.26,337.82
283,2024-01-19,P023,C021,2,33.08,66.16
284,2025-03-27,P032,C078,1,54.97,54.97
285,2023-05-30,P021,C099,1,48.68,48.68
286,2024-12-19,P009,C081,7,20.02,140.14
287,2024-04-19,P033,C048,1,85.99,85.99
288,2024-07-13,P011,C068,5,137.32,686.6
289,2025-04-05,P007,C074,10,100.82,1008.2
290,2025-04-06,P049,C099,4,16.75,67.0
291,2024-05-21,P047,C064,10,135.86,1358.6
292,2025-05-10,P014,C089,6,33.87,203.22
293,2023-06-15,P045,C059,9,56.5,508.5
294,2025-04-02,P017,C073,10,98.17,981.7
295,2025-03-05,P046,C034,3,38.64,115.92
296,2024-08-16,P046,C046,2,33.56,67.12
297,2024-12-06,P007,C015,7,81.27,568.89
298,2023-08-29,P009,C028,2,17.24,34.48
299,2024-02-17,P031,C051,9,47.84,430.56
300,2025-03-20,P036,C099,2,117.85,235.7
301,2025-03-15,P011,C011,5,148.16,740.8
302,2024-05-19,P010,C064,10,46.98,469.8
303,2024-01-19,P014,C025,5,33.29,166.45
304,2024-08-01,P008,C015,4,28.55,114.2
305,2025-04-22,P036,C086,6,104.63,627.78
306,2023-09-06,P049,C050,3,21.58,64.74
307,2023-05-15,P005,C033,6,29.52,177.12
308,2024-02-14,P019,C081,4,8.72,34.88
309,2024-08-19,P044,C045,7,47.4,331.8
310,2023-12-13,P012,C049,5,162.82,814.1
311,2024-12-29,P049,C032,2,20.99,41.98
312,2024-01-21,P040,C059,3,82.9,248.7
313,2023-08-22,P034,C072,5,98.84,494.2
314,2024-03-30,P027,C041,6,143.44,860.64
315,2025-01-10,P004,C070,6,114.86,689.16
316,2024-04-17,P018,C087,6,128.44,770.64
317,2023-12-30,P048,C016,2,163.22,326.44
318,2024-11-13,P006,C055,10,133.89,1338.9
319,2023-05-24,P003,C077,3,80.95,242.85
320,2024-08-26,P040,C077,1,56.24,56.24
321,2023-12-18,P042,C009,2,30.09,60.18
322,2024-08-31,P011,C070,6,122.09,732.54
323,2023-09-25,P019,C018,3,7.87,23.61
324,2024-08-17,P041,C025,7,38.93,272.51
325,2024-03-09,P047,C079,9,105.48,949.32
326,2024-10-16,P029,C033,10,11.11,111.1
327,2024-08-31,P032,C100,6,61.14,366.84
328,2024-08-12,P050,C096,5,60.09,300.45
329,2024-04-18,P045,C019,7,67.89,475.23
330,2023-12-17,P008,C020,6,33.46,200.76
331,2024-07-21,P013,C044,4,59.06,236.24
332,2024-12-12,P015,C067,3,54.88,164.64
333,2023-07-13,P036,C092,7,120.52,843.64
334,2024-12-18,P034,C094,9,149.03,1341.27
335,2024-05-18,P041,C100,10,56.55,565.5
336,2024-03-13,P009,C083,4,20.34,81.36
337,2025-03-21,P021,C066,10,47.36,473.6
338,2024-01-20,P043,C070,6,50.08,300.48
339,2024-05-08,P013,C092,7,52.26,365.82
340,2024-03-08,P030,C079,2,88.33,176.66
341,2025-04-19,P017,C084,4,78.11,312.44
342,2024-04-13,P036,C033,3,97.42,292.26
343,2024-09-14,P029,C073,7,11.19,78.33
344,2025-03-29,P030,C061,5,76.81,384.05
345,2024-12-25,P007,C090,10,98.34,983.4
346,2024-12-14,P012,C082,5,147.8,739.0
347,2023-07-07,P049,C072,6,21.4,128.4
348,2024-09-29,P012,C032,9,139.38,1254.42
349,2025-02-20,P028,C006,5,40.75,203.75
350,2025-01-01,P015,C011,4,79.26,317.04
351,2023-07-15,P046,C074,8,38.86,310.88
352,2024-11-12,P006,C010,6,133.78,802.68
353,2024-01-09,P043,C100,7,38.65,270.55
354,2025-03-20,P027,C092,10,167.86,1678.6
355,2024-12-03,P031,C045,2,41.94,83.88
356,2024-08-06,P013,C021,3,60.98,182.94
357,2023-05-31,P044,C037,8,56.69,453.52
358,2023-12-20,P036,C071,5,77.18,385.9
359,2023-09-27,P040,C001,2,58.15,116.3
360,2023-11-15,P029,C008,6,14.57,87.42
361,2024-02-18,P035,C050,6,158.53,951.18
362,2024-08-06,P001,C069,2,137.54,275.08
363,2024-07-12,P015,C055,9,68.04,612.36
364,2025-02-12,P027,C074,9,129.17,1162.53
365,2024-01-05,P026,C060,10,68.17,681.7
366,2025-01-19,P001,C093,4,152.41,609.64
367,2024-01-23,P018,C065,6,122.2,733.2
368,2024-11-25,P020,C028,7,52.69,368.83
369,2025-04-22,P006,C065,1,111.74,111.74
370,2024-11-08,P006,C015,10,112.37,1123.7
371,2025-01-08,P049,C087,6,21.96,131.76
372,2024-11-15,P017,C080,9,98.09,882.81
373,2024-06-25,P041,C052,5,53.87,269.35
374,2025-02-02,P040,C055,4,64.75,259.0
375,2024-10-28,P038,C037,10,91.45,914.5
376,2023-10-12,P049,C076,4,21.8,87.2
377,2024-05-26,P022,C020,5,135.36,676.8
378,2023-09-24,P017,C092,8,82.08,656.64
379,2024-07-03,P050,C017,5,61.38,306.9
380,2024-06-29,P020,C037,9,46.45,418.05
381,2023-11-13,P006,C100,5,146.04,730.2
382,2024-01-20,P017,C037,1,96.07,96.07
383,2024-12-07,P018,C020,6,126.41,758.46
384,2023-12-28,P028,C018,2,34.31,68.62
385,2025-01-29,P032,C077,9,47.98,431.82
386,2023-08-19,P014,C098,4,42.48,169.92
387,2024-07-06,P009,C032,3,20.36,61.08
388,2025-03-10,P020,C075,4,43.06,172.24
389,2025-01-16,P019,C049,3,7.68,23.04
390,2024-01-20,P043,C084,3,35.49,106.47
391,2025-01-19,P011,C028,2,120.09,240.18
392,2025-03-14,P012,C016,5,112.53,562.65
393,2024-09-27,P010,C024,6,42.56,255.36
394,2024-09-29,P040,C047,6,85.97,515.82
395,2025-01-02,P049,C005,10,16.72,167.2
396,2024-02-29,P025,C082,10,111.23,1112.3
397,2025-05-03,P033,C055,4,76.05,304.2
398,2024-06-28,P016,C049,3,14.36,43.08
399,2025-02-13,P010,C080,6,42.79,256.74
400,2023-11-25,P018,C050,4,153.95,615.8
401,2023-11-07,P021,C051,1,63.51,63.51
402,2023-09-01,P036,C081,1,89.56,89.56
403,2023-05-26,P020,C050,4,48.91,195.64
404,2025-02-21,P013,C013,2,55.1,110.2
405,2024-06-27,P018,C019,4,125.01,500.04
406,2025-01-05,P045,C011,9,52.78,475.02
407,2024-03-22,P005,C050,1,37.47,37.47
408,2023-07-05,P014,C068,1,45.08,45.08
409,2023-12-03,P013,C040,2,68.69,137.38
410,2024-03-14,P044,C083,2,73.14,146.28
411,2024-09-16,P026,C077,3,51.59,154.77
412,2023-12-04,P026,C029,1,52.76,52.76
413,2024-07-19,P011,C094,8,144.81,1158.48
414,2023-11-21,P029,C035,2,9.88,19.76
415,2023-12-19,P023,C029,7,30.79,215.53
416,2024-07-25,P045,C014,4,68.09,272.36
417,2025-03-02,P041,C021,7,43.79,306.53
418,2023-09-20,P011,C070,1,133.29,133.29
419,2025-02-11,P031,C026,2,49.64,99.28
420,2023-06-26,P008,C026,6,29.22,175.32
421,2025-02-19,P030,C024,6,71.66,429.96
422,2024-05-23,P041,C029,10,42.52,425.2
423,2024-05-30,P014,C053,1,40.99,40.99
424,2025-03-26,P034,C012,10,148.37,1483.7
425,2024-04-10,P017,C054,5,98.29,491.45
426,2025-01-30,P004,C033,5,120.87,604.35
427,2024-01-31,P020,C027,1,50.3,50.3
428,2025-04-10,P050,C100,2,80.24,160.48
429,2024-12-05,P032,C096,1,44.38,44.38
430,2024-08-11,P016,C093,4,16.56,66.24
431,2024-02-25,P032,C013,3,43.82,131.46
432,2024-03-21,P010,C013,2,48.78,97.56
433,2023-08-11,P015,C024,5,50.38,251.9
434,2023-07-08,P046,C014,5,44.69,223.45
435,2024-05-23,P016,C086,3,17.9,53.7
436,2024-12-25,P050,C015,4,81.73,326.92
437,2024-08-10,P008,C041,2,23.74,47.48
438,2024-02-14,P041,C097,8,42.77,342.16
439,2023-06-21,P002,C033,2,151.91,303.82
440,2024-06-04,P002,C034,8,138.09,1104.72
441,2024-04-16,P042,C047,8,25.25,202.0
442,2025-05-07,P009,C042,1,19.34,19.34
443,2025-02-10,P021,C009,1,55.61,55.61
444,2024-03-31,P022,C085,8,107.29,858.32
445,2024-04-18,P038,C093,5,83.13,415.65
446,2023-09-25,P044,C065,5,64.16,320.8
447,2024-02-28,P039,C058,9,103.31,929.79
448,2024-11-02,P015,C069,1,71.38,71.38
449,2023-11-30,P007,C022,1,121.82,121.82
450,2025-02-05,P008,C043,3,29.63,88.89
451,2023-07-18,P031,C094,6,42.8,256.8
452,2023-05-28,P027,C055,2,125.28,250.56
453,2024-09-01,P003,C008,8,61.61,492.88
454,2025-02-04,P011,C045,4,175.83,703.32
455,2023-05-31,P014,C096,8,37.04,296.32
456,2024-04-13,P014,C007,5,42.92,214.6
457,2023-06-22,P041,C033,3,51.42,154.26
458,2023-09-17,P010,C065,6,45.31,271.86
459,2023-07-21,P017,C080,4,102.67,410.68
460,2024-05-04,P043,C090,8,50.23,401.84
461,2024-10-28,P040,C041,7,65.02,455.14
462,2025-04-26,P022,C039,3,110.19,330.57
463,2023-07-29,P011,C084,2,172.8,345.6
464,2024-02-05,P010,C033,2,32.22,64.44
465,2024-01-03,P016,C018,5,15.0,75.0
466,2025-05-08,P005,C012,2,31.54,63.08
467,2024-05-27,P001,C039,8,139.55,1116.4
468,2025-02-22,P026,C009,10,59.72,597.2
469,2023-11-09,P005,C086,3,30.57,91.71
470,2025-01-30,P027,C001,5,135.68,678.4
471,2024-01-01,P030,C019,10,75.29,752.9
472,2024-05-10,P029,C016,5,14.06,70.3
473,2024-08-07,P029,C069,3,10.19,30.57
474,2023-12-27,P002,C084,9,98.22,883.98
475,2024-05-15,P041,C076,5,46.96,234.8
476,2023-07-18,P009,C058,3,13.79,41.37
477,2024-04-08,P017,C016,10,94.16,941.6
478,2023-07-26,P008,C055,7,28.86,202.02
479,2023-12-05,P036,C043,9,121.07,1089.63
480,2024-11-03,P032,C074,10,50.04,500.4
481,2024-12-19,P002,C092,8,130.09,1040.72
482,2024-07-01,P044,C045,10,47.5,475.0
483,2025-04-13,P025,C094,7,132.01,924.07
484,2024-10-11,P015,C071,2,59.63,119.26
485,2023-06-19,P040,C059,7,64.13,448.91
486,2024-06-19,P048,C100,7,120.75,845.25
487,2023-06-20,P025,C087,2,112.67,225.34
488,2023-12-28,P037,C036,10,50.86,508.6
489,2025-01-16,P017,C014,6,86.34,518.04
490,2023-07-15,P006,C024,8,125.32,1002.56
491,2025-01-24,P016,C034,3,21.86,65.58
492,2023-11-08,P028,C080,10,28.12,281.2
493,2025-02-24,P013,C076,5,62.54,312.7
494,2025-02-14,P045,C059,5,71.98,359.9
495,2023-08-07,P044,C002,6,59.08,354.48
496,2024-09-03,P031,C084,6,47.67,286.02
497,2025-02-20,P034,C097,9,109.0,981.0
498,2024-04-08,P028,C025,2,33.37,66.74
499,2024-02-23,P007,C099,2,112.35,224.7
500,2023-10-13,P003,C012,1,61.03,61.03
501,2024-07-17,P017,C012,7,98.08,686.56
502,2023-08-24,P036,C061,3,92.55,277.65
503,2023-06-12,P042,C054,4,24.46,97.84
504,2023-06-12,P007,C075,6,86.68,520.08
505,2024-09-29,P008,C074,6,20.89,125.34
506,2023-11-02,P029,C002,4,13.48,53.92
507,2024-12-08,P037,C090,10,49.39,493.9
508,2024-08-31,P045,C009,6,74.41,446.46
509,2023-05-29,P034,C036,7,96.38,674.66
510,2023-10-05,P009,C001,5,17.09,85.45
511,2023-07-07,P020,C086,6,56.0,336.0
512,2025-03-30,P033,C069,10,113.41,1134.1
513,2024-12-25,P013,C081,2,64.94,129.88
514,2025-02-04,P015,C069,3,54.9,164.7
515,2023-11-14,P029,C052,1,9.87,9.87
516,2023-07-09,P006,C083,6,128.45,770.7
517,2024-08-03,P037,C026,3,45.79,137.37
518,2024-04-30,P015,C066,4,59.66,238.64
519,2023-05-22,P036,C011,5,108.23,541.15
520,2024-04-26,P011,C064,10,116.03,1160.3
521,2024-07-09,P050,C039,10,84.93,849.3
522,2024-12-20,P043,C083,9,36.91,332.19
523,2023-05-13,P010,C072,5,31.19,155.95
524,2025-01-08,P031,C028,9,56.13,505.17
525,2023-07-31,P019,C088,7,7.34,51.38
526,2023-10-14,P017,C093,10,91.22,912.2
527,2023-07-25,P032,C006,5,56.72,283.6
528,2024-05-06,P002,C024,3,134.27,402.81
529,2023-06-06,P004,C013,2,107.42,214.84
530,2024-02-22,P016,C038,3,19.88,59.64
531,2024-12-03,P042,C097,3,29.72,89.16
532,2023-05-20,P002,C006,3,153.74,461.22
533,2024-10-17,P042,C010,7,23.12,161.84
534,2023-12-27,P048,C009,8,131.03,1048.24
535,2025-01-10,P008,C049,5,22.15,110.75
536,2024-07-28,P025,C008,3,128.92,386.76
537,2024-12-01,P016,C064,7,17.8,124.6
538,2023-07-20,P032,C041,2,50.14,100.28
539,2023-09-23,P039,C064,6,113.23,679.38
540,2024-02-27,P009,C063,9,15.18,136.62
541,2024-05-13,P028,C062,3,32.43,97.29
542,2024-08-05,P050,C100,2,77.15,154.3
543,2025-02-20,P029,C031,1,13.15,13.15
544,2024-05-23,P012,C035,10,147.8,1478.0
545,2024-06-21,P022,C082,4,160.0,640.0
546,2023-09-19,P025,C081,1,137.8,137.8
547,2023-06-11,P025,C008,8,110.08,880.64
548,2023-07-11,P036,C028,10,97.92,979.2
549,2024-12-15,P031,C093,4,40.5,162.0
550,2025-01-13,P045,C032,1,54.28,54.28
551,2024-05-08,P004,C050,9,94.2,847.8
552,2023-07-10,P046,C043,1,41.94,41.94
553,2024-02-28,P011,C032,10,156.91,1569.1
554,2023-10-12,P036,C010,5,77.57,387.85
555,2023-05-20,P038,C019,2,89.04,178.08
556,2023-12-16,P002,C057,6,112.77,676.62
557,2024-05-09,P024,C023,6,25.54,153.24
558,2023-10-19,P027,C081,7,148.22,1037.54
559,2025-01-04,P042,C061,10,30.35,303.5
560,2023-12-30,P021,C100,7,55.97,391.79
561,2024-04-11,P010,C033,5,44.96,224.8
562,2024-07-29,P007,C038,9,104.18,937.62
563,2025-04-13,P020,C048,10,40.87,408.7
564,2023-09-15,P048,C075,10,153.8,1538.0
565,2024-10-17,P046,C069,6,40.52,243.12
566,2024-05-30,P045,C085,2,75.59,151.18
567,2024-07-30,P016,C088,1,22.48,22.48
568,2024-06-16,P020,C008,3,56.59,169.77
569,2024-07-03,P014,C028,9,47.71,429.39
570,2023-05-30,P009,C051,10,16.94,169.4
571,2025-01-19,P032,C014,5,47.39,236.95
572,2024-02-09,P018,C069,7,132.5,927.5
573,2023-10-18,P032,C025,9,43.88,394.92
574,2024-03-31,P044,C018,2,63.13,126.26
575,2024-08-17,P012,C044,10,110.62,1106.2
576,2024-01-30,P024,C092,9,22.35,201.15
577,2024-04-22,P012,C049,6,165.08,990.48
578,2024-07-07,P026,C084,2,53.59,107.18
579,2024-01-17,P047,C034,5,118.89,594.45
580,2023-09-18,P009,C077,7,19.48,136.36
581,2023-10-02,P050,C005,6,77.21,463.26
582,2024-06-09,P019,C009,1,6.74,6.74
583,2025-01-17,P030,C001,3,72.13,216.39
584,2024-11-26,P006,C048,5,149.63,748.15
585,2023-08-03,P027,C063,7,159.91,1119.37
586,2023-10-18,P029,C072,4,15.13,60.52
587,2024-05-10,P022,C080,8,132.9,1063.2
588,2023-08-12,P038,C003,9,103.84,934.56
589,2025-01-08,P047,C013,4,114.78,459.12
590,2025-05-07,P021,C006,2,61.75,123.5
591,2025-01-27,P042,C018,9,33.04,297.36
592,2023-11-02,P038,C054,3,84.6,253.8
593,2025-03-08,P029,C014,10,10.93,109.3
594,2024-12-28,P021,C049,3,50.34,151.02
595,2025-02-03,P014,C056,7,32.71,228.97
596,2024-05-22,P041,C015,9,43.45,391.05
597,2024-04-30,P045,C082,9,59.71,537.39
598,2024-04-18,P024,C097,3,19.11,57.33
599,2024-06-10,P008,C071,1,26.07,26.07
600,2023-08-01,P015,C062,4,80.82,323.28
601,2025-03-18,P047,C065,1,99.02,99.02
602,2024-07-15,P025,C075,8,137.71,1101.68
603,2024-04-08,P048,C064,3,117.5,352.5
604,2024-10-09,P008,C080,3,33.71,101.13
605,2024-09-26,P002,C060,10,107.23,1072.3
606,2023-12-11,P008,C061,2,25.38,50.76
607,2024-10-14,P047,C010,3,118.7,356.1
608,2023-10-19,P032,C099,7,53.55,374.85
609,2023-11-10,P007,C042,8,98.32,786.56
610,2023-11-09,P026,C017,1,48.05,48.05
611,2024-10-18,P031,C100,5,44.31,221.55
612,2023-12-06,P003,C079,9,81.97,737.73
613,2024-09-12,P045,C014,3,80.8,242.4
614,2024-01-05,P016,C069,4,23.08,92.32
615,2024-09-22,P048,C005,9,134.25,1208.25
616,2024-07-04,P023,C083,8,29.75,238.0
617,2024-02-22,P027,C004,9,114.62,1031.58
618,2024-04-23,P010,C093,4,35.83,143.32
619,2023-11-23,P027,C031,9,133.95,1205.55
620,2024-09-07,P003,C093,10,92.36,923.6
621,2024-02-27,P028,C037,7,34.72,243.04
622,2023-06-19,P035,C085,8,115.99,927.92
623,2024-04-20,P043,C081,3,38.02,114.06
624,2024-01-21,P012,C011,3,111.5,334.5
625,2024-10-13,P002,C021,8,126.31,1010.48
626,2024-01-07,P005,C085,9,33.12,298.08
627,2024-12-28,P006,C032,7,107.75,754.25
628,2025-03-10,P003,C069,10,69.34,693.4
629,2024-11-13,P016,C023,3,16.35,49.05
630,2023-11-05,P045,C022,2,62.77,125.54
631,2025-05-06,P011,C079,5,167.51,837.55
632,2025-02-16,P022,C073,1,107.74,107.74
633,2024-11-03,P035,C049,3,134.78,404.34
634,2023-06-17,P008,C023,1,32.34,32.34
635,2024-09-22,P037,C066,2,65.11,130.22
636,2023-09-30,P008,C091,2,24.55,49.1
637,2023-07-12,P048,C048,3,127.7,383.1
638,2025-01-17,P002,C044,10,130.82,1308.2
639,2024-01-02,P036,C028,10,90.23,902.3
640,2024-10-28,P026,C098,4,69.93,279.72
641,2024-06-07,P008,C056,10,24.64,246.4
642,2023-10-05,P036,C016,8,109.16,873.28
643,2023-09-06,P031,C097,8,53.78,430.24
644,2024-09-25,P019,C095,10,9.05,90.5
645,2024-12-17,P048,C061,5,166.05,830.25
646,2024-02-11,P027,C045,5,116.51,582.55
647,2024-12-23,P021,C076,1,48.71,48.71
648,2024-07-31,P026,C083,1,62.44,62.44
649,2025-02-12,P043,C054,1,41.78,41.78
650,2024-07-11,P031,C083,3,40.65,121.95
651,2023-06-09,P040,C033,5,82.11,410.55
652,2023-10-27,P015,C013,3,66.33,198.99
653,2024-08-08,P038,C027,10,89.55,895.5
654,2025-05-03,P023,C095,10,33.65,336.5
655,2024-01-16,P024,C026,4,23.71,94.84
656,2024-09-29,P013,C079,1,71.26,71.26
657,2024-06-24,P029,C070,10,11.76,117.6
658,2024-10-10,P039,C070,1,100.77,100.77
659,2023-06-20,P008,C093,7,29.64,207.48
660,2024-11-13,P012,C062,7,154.0,1078.0
661,2025-05-02,P006,C052,6,129.52,777.12
662,2023-06-28,P002,C035,8,120.18,961.44
663,2024-06-11,P035,C039,6,128.11,768.66
664,2025-02-09,P020,C029,5,56.12,280.6
665,2024-08-01,P049,C094,4,15.73,62.92
666,2024-01-11,P029,C066,8,14.8,118.4
667,2024-02-07,P020,C065,3,43.78,131.34
668,2023-06-08,P002,C032,9,97.11,873.99
669,2024-05-16,P014,C076,4,46.92,187.68
670,2024-06-21,P028,C086,3,37.9,113.7
671,2025-03-08,P003,C001,4,88.58,354.32
672,2025-04-13,P023,C091,4,24.81,99.24
673,2023-12-02,P016,C067,10,18.21,182.1
674,2025-04-28,P019,C021,1,9.16,9.16
675,2025-01-19,P045,C023,4,80.59,322.36
676,2023-11-01,P017,C011,6,117.17,703.02
677,2024-07-24,P004,C074,1,100.28,100.28
678,2024-08-30,P033,C033,4,83.97,335.88
679,2024-07-14,P015,C016,7,69.87,489.09
680,2023-12-11,P037,C049,9,65.59,590.31
681,2025-04-12,P037,C013,4,58.86,235.44
682,2025-02-15,P046,C065,10,39.33,393.3
683,2024-04-24,P034,C039,2,115.99,231.98
684,2025-04-07,P004,C008,5,125.06,625.3
685,2023-12-15,P003,C046,1,76.59,76.59
686,2024-11-08,P027,C027,5,162.69,813.45
687,2023-11-17,P013,C092,2,50.6,101.2
688,2024-01-17,P029,C097,3,13.22,39.66
689,2024-12-26,P021,C076,10,56.51,565.1
690,2024-06-05,P032,C018,10,45.54,455.4
691,2023-08-19,P006,C100,4,143.1,572.4
692,2025-05-02,P034,C070,9,113.04,1017.36
693,2023-07-12,P032,C060,8,58.82,470.56
694,2025-04-29,P023,C048,8,27.73,221.84
695,2024-10-28,P008,C074,6,31.5,189.0
696,2023-10-31,P041,C082,7,37.73,264.11
697,2024-04-23,P021,C028,4,58.29,233.16
698,2024-12-06,P025,C043,1,123.53,123.53
699,2025-03-10,P029,C081,2,12.55,25.1
700,2024-05-30,P047,C049,1,99.97,99.97
701,2024-10-09,P025,C021,8,86.76,694.08
702,2024-12-03,P024,C012,7,27.07,189.49
703,2023-10-25,P017,C087,3,76.98,230.94
704,2025-04-23,P029,C081,2,11.04,22.08
705,2024-12-04,P020,C063,3,53.74,161.22
706,2023-07-19,P042,C047,5,31.01,155.05
707,2023-11-13,P035,C091,7,113.58,795.06
708,2023-08-08,P045,C015,2,49.93,99.86
709,2023-10-05,P002,C019,7,152.77,1069.39
710,2023-07-15,P019,C037,9,6.41,57.69
711,2025-03-18,P006,C011,9,144.84,1303.56
712,2023-12-19,P038,C093,3,85.8,257.4
713,2023-06-16,P030,C030,10,74.08,740.8
714,2024-09-08,P026,C089,8,48.72,389.76
715,2024-06-01,P048,C071,10,127.85,1278.5
716,2024-07-01,P008,C017,1,25.66,25.66
717,2024-04-29,P046,C094,3,32.28,96.84
718,2024-11-02,P012,C029,7,169.52,1186.64
719,2025-01-31,P044,C054,6,56.6,339.6
720,2024-05-29,P017,C046,9,104.58,941.22
721,2023-07-26,P036,C037,2,89.84,179.68
722,2024-06-24,P040,C061,6,60.39,362.34
723,2023-08-22,P020,C090,1,46.48,46.48
724,2023-12-20,P003,C095,6,63.8,382.8
725,2023-05-26,P018,C094,4,107.52,430.08
726,2023-05-21,P033,C025,8,76.0,608.0
727,2023-11-17,P035,C088,10,160.26,1602.6
728,2023-05-12,P004,C087,8,141.63,1133.04
729,2024-01-23,P044,C015,1,58.78,58.78
730,2025-01-28,P033,C016,4,91.34,365.36
731,2024-08-05,P034,C002,7,122.97,860.79
732,2025-02-05,P016,C027,6,17.5,105.0
733,2024-03-09,P037,C046,1,44.36,44.36
734,2023-12-10,P020,C019,6,52.17,313.02
735,2023-08-18,P029,C044,9,10.82,97.38
736,2023-10-12,P038,C036,3,128.32,384.96
737,2025-01-13,P034,C081,8,135.16,1081.28
738,2023-05-26,P005,C035,6,31.53,189.18
739,2025-05-06,P039,C052,7,93.04,651.28
740,2023-07-30,P028,C024,8,38.5,308.0
741,2025-04-15,P034,C054,2,129.19,258.38
742,2023-06-08,P008,C048,7,29.73,208.11
743,2025-02-20,P003,C078,7,62.19,435.33
744,2024-02-15,P035,C048,5,158.84,794.2
745,2025-04-08,P045,C055,5,73.96,369.8
746,2023-09-16,P024,C023,2,26.43,52.86
747,2023-05-16,P050,C057,9,80.78,727.02
748,2023-11-22,P021,C027,6,53.95,323.7
749,2024-04-30,P033,C031,1,86.82,86.82
750,2023-12-15,P036,C076,8,80.79,646.32
751,2024-08-30,P010,C100,2,36.06,72.12
752,2024-04-13,P040,C002,5,65.29,326.45
753,2024-12-12,P023,C068,1,27.52,27.52
754,2024-02-13,P005,C012,5,37.98,189.9
755,2025-02-20,P049,C019,8,21.2,169.6
756,2024-01-26,P004,C013,10,146.75,1467.5
757,2023-11-22,P048,C097,5,131.04,655.2
758,2024-03-05,P032,C075,7,43.91,307.37
759,2023-08-17,P037,C087,8,62.85,502.8
760,2024-06-20,P027,C021,7,161.39,1129.73
761,2025-04-13,P004,C029,5,108.37,541.85
762,2025-01-15,P025,C073,3,91.96,275.88
763,2024-08-11,P014,C035,9,45.62,410.58
764,2025-02-18,P021,C047,1,56.08,56.08
765,2023-05-27,P005,C020,9,28.05,252.45
766,2024-10-02,P023,C024,3,24.25,72.75
767,2025-04-08,P047,C083,5,109.8,549.0
768,2025-02-14,P036,C073,5,81.75,408.75
769,2023-11-03,P033,C037,6,105.52,633.12
770,2024-04-03,P024,C040,9,26.22,235.98
771,2024-10-08,P031,C054,8,50.69,405.52
772,2024-12-28,P047,C034,10,98.32,983.2
773,2023-05-26,P045,C071,2,77.0,154.0
774,2024-05-04,P003,C070,4,94.08,376.32
775,2024-03-13,P045,C030,1,70.7,70.7
776,2024-11-06,P011,C054,10,128.71,1287.1
777,2025-01-17,P019,C001,5,9.73,48.65
778,2024-11-16,P024,C003,5,26.89,134.45
779,2023-07-12,P008,C043,3,23.27,69.81
780,2023-09-18,P017,C089,6,103.31,619.86
781,2024-05-20,P031,C089,6,52.1,312.6
782,2024-02-21,P025,C071,9,117.14,1054.26
783,2025-01-08,P049,C012,5,20.36,101.8
784,2024-05-15,P049,C073,1,20.53,20.53
785,2023-12-30,P033,C016,4,74.05,296.2
786,2024-09-25,P026,C047,1,54.48,54.48
787,2023-10-27,P024,C082,7,21.33,149.31
788,2025-04-18,P026,C039,4,60.79,243.16
789,2024-02-08,P030,C021,6,100.49,602.94
790,2023-11-01,P035,C063,3,141.38,424.14
791,2023-11-12,P035,C064,9,158.29,1424.61
792,2024-05-14,P040,C067,2,60.19,120.38
793,2025-02-10,P005,C064,3,26.87,80.61
794,2023-08-23,P004,C082,4,137.84,551.36
795,2023-06-02,P020,C057,8,56.18,449.44
796,2024-06-19,P001,C053,1,149.79,149.79
797,2024-08-23,P021,C066,4,48.76,195.04
798,2023-11-15,P028,C061,6,42.5,255.0
799,2023-09-21,P003,C036,2,88.52,177.04
800,2025-03-26,P011,C022,8,115.92,927.36
801,2025-01-04,P025,C080,4,112.04,448.16
802,2024-06-14,P018,C065,4,99.15,396.6
803,2025-04-30,P010,C057,7,42.45,297.15
804,2025-01-14,P050,C077,6,80.41,482.46
805,2024-05-02,P032,C038,7,39.14,273.98
806,2025-01-25,P036,C005,4,110.44,441.76
807,2024-04-16,P019,C023,7,9.87,69.09
808,2023-06-21,P004,C035,7,116.81,817.67
809,2024-09-04,P049,C060,7,20.32,142.24
810,2024-02-01,P039,C067,3,85.35,256.05
811,2023-06-05,P027,C003,8,112.59,900.72
812,2024-03-19,P042,C019,9,28.18,253.62
813,2024-03-18,P038,C040,1,113.33,113.33
814,2024-11-28,P034,C011,6,95.97,575.82
815,2023-08-09,P049,C061,4,15.0,60.0
816,2025-01-18,P027,C033,7,153.24,1072.68
817,2024-03-19,P020,C043,6,51.26,307.56
818,2023-08-19,P050,C058,1,54.59,54.59
819,2023-08-30,P018,C070,4,129.4,517.6
820,2025-03-19,P038,C059,9,81.43,732.87
821,2024-01-05,P002,C055,7,141.32,989.24
822,2023-07-14,P019,C029,9,9.33,83.97
823,2023-07-18,P018,C078,9,117.67,1059.03
824,2024-12-05,P031,C043,1,56.45,56.45
825,2023-11-29,P011,C062,4,175.21,700.84
826,2023-05-14,P036,C098,1,122.04,122.04
827,2024-11-28,P040,C080,10,62.8,628.0
828,2024-07-30,P034,C051,9,124.58,1121.22
829,2023-09-11,P002,C050,1,147.5,147.5
830,2024-07-16,P006,C005,1,108.02,108.02
831,2024-07-16,P042,C005,4,32.64,130.56
832,2025-03-10,P026,C017,4,49.6,198.4
833,2023-07-04,P029,C004,9,13.95,125.55
834,2024-10-07,P046,C071,5,34.28,171.4
835,2024-10-09,P039,C077,2,86.15,172.3
836,2024-05-27,P002,C032,5,132.48,662.4
837,2023-12-24,P026,C024,8,62.61,500.88
838,2023-08-02,P009,C011,10,16.82,168.2
839,2024-09-18,P004,C018,9,130.98,1178.82
840,2024-11-30,P048,C094,9,111.7,1005.3
841,2023-05-13,P003,C031,9,66.69,600.21
842,2024-06-18,P018,C039,10,123.76,1237.6
843,2023-08-02,P001,C091,3,152.02,456.06
844,2025-03-30,P039,C038,1,109.39,109.39
845,2023-09-24,P047,C009,8,90.88,727.04
846,2024-06-14,P022,C054,7,151.44,1060.08
847,2025-04-18,P011,C050,6,173.82,1042.92
848,2025-03-22,P022,C014,1,144.03,144.03
849,2024-07-19,P044,C027,6,59.68,358.08
850,2023-06-21,P022,C055,1,163.52,163.52
851,2024-03-13,P004,C092,8,124.64,997.12
852,2024-03-19,P048,C034,8,116.23,929.84
853,2025-03-04,P035,C023,10,141.19,1411.9
854,2023-09-16,P045,C023,6,62.12,372.72
855,2024-01-26,P021,C051,5,65.22,326.1
856,2023-05-17,P047,C085,9,136.59,1229.31
857,2025-05-09,P003,C038,7,71.94,503.58
858,2025-01-29,P001,C085,3,163.52,490.56
859,2024-05-13,P019,C012,3,9.96,29.88
860,2025-04-24,P002,C085,9,145.48,1309.32
861,2024-11-28,P036,C099,1,115.1,115.1
862,2023-08-01,P022,C055,4,128.51,514.04
863,2025-01-25,P024,C065,4,20.33,81.32
864,2025-04-06,P018,C062,4,111.11,444.44
865,2024-08-19,P022,C095,8,129.64,1037.12
866,2023-10-25,P034,C041,7,138.9,972.3
867,2023-06-10,P009,C014,3,21.6,64.8
868,2024-09-20,P026,C098,6,60.18,361.08
869,2024-04-07,P003,C093,8,66.5,532.0
870,2025-02-25,P005,C096,3,27.84,83.52
871,2024-10-22,P049,C009,6,16.96,101.76
872,2023-09-26,P004,C082,2,130.1,260.2
873,2023-11-16,P047,C036,5,86.8,434.0
874,2024-10-22,P001,C083,5,153.02,765.1
875,2023-11-15,P046,C018,3,36.17,108.51
876,2023-09-23,P022,C037,2,109.51,219.02
877,2024-12-03,P007,C062,5,84.54,422.7
878,2024-11-09,P039,C078,9,93.27,839.43
879,2024-10-30,P048,C021,8,169.26,1354.08
880,2025-04-17,P006,C025,2,123.64,247.28
881,2024-03-21,P036,C091,2,96.05,192.1
882,2024-02-08,P004,C060,8,138.95,1111.6
883,2024-06-14,P016,C025,9,18.73,168.57
884,2024-02-27,P021,C017,8,44.21,353.68
885,2025-02-06,P032,C077,8,57.78,462.24
886,2023-09-29,P048,C022,5,151.92,759.6
887,2023-09-11,P029,C037,3,10.56,31.68
888,2025-02-17,P025,C074,7,116.61,816.27
889,2023-10-02,P031,C055,2,35.13,70.26
890,2024-10-03,P004,C044,10,113.88,1138.8
891,2025-01-11,P048,C079,9,166.21,1495.89
892,2024-11-11,P038,C016,6,116.42,698.52
893,2023-09-12,P038,C051,7,111.41,779.87
894,2023-10-21,P045,C013,4,72.97,291.88
895,2024-11-04,P045,C085,2,58.31,116.62
896,2023-09-12,P016,C048,5,20.88,104.4
897,2024-02-13,P016,C087,4,15.65,62.6
898,2025-04-15,P004,C007,3,122.78,368.34
899,2025-05-10,P021,C053,4,66.45,265.8
900,2023-07-30,P016,C082,3,15.15,45.45
901,2024-04-20,P008,C009,6,23.99,143.94
902,2024-07-06,P037,C087,6,53.4,320.4
903,2024-04-29,P026,C056,8,58.19,465.52
904,2025-03-28,P048,C026,10,169.4,1694.0
905,2025-05-02,P011,C034,2,162.11,324.22
906,2025-03-29,P011,C085,1,143.17,143.17
907,2023-10-26,P049,C028,2,15.39,30.78
908,2024-08-08,P015,C043,2,64.7,129.4
909,2023-07-02,P029,C048,7,13.38,93.66
910,2024-05-11,P034,C025,4,103.04,412.16
911,2024-11-10,P043,C089,7,34.91,244.37
912,2024-01-09,P003,C056,2,67.98,135.96
913,2024-09-23,P028,C092,6,36.79,220.74
914,2024-12-13,P003,C061,3,66.1,198.3
915,2024-05-10,P034,C090,1,132.51,132.51
916,2025-04-01,P039,C012,2,115.03,230.06
917,2024-08-28,P026,C026,10,57.74,577.4
918,2024-05-02,P022,C058,9,143.39,1290.51
919,2024-01-09,P038,C056,6,103.66,621.96
920,2023-08-28,P011,C068,3,177.91,533.73
921,2023-11-09,P035,C020,2,117.74,235.48
922,2023-06-30,P009,C056,6,19.98,119.88
923,2024-10-26,P017,C007,9,78.31,704.79
924,2024-05-05,P043,C041,3,47.3,141.9
925,2023-08-29,P014,C021,6,36.0,216.0
926,2023-11-16,P019,C050,6,6.87,41.22
927,2024-12-03,P011,C008,5,125.96,629.8
928,2024-05-28,P018,C022,4,142.59,570.36
929,2024-03-22,P021,C083,8,50.05,400.4
930,2023-11-28,P050,C063,2,57.19,114.38
931,2023-12-02,P010,C017,2,31.45,62.9
932,2024-08-01,P043,C043,3,43.45,130.35
933,2024-08-02,P026,C019,10,67.13,671.3
934,2023-07-11,P032,C013,2,59.6,119.2
935,2024-04-27,P050,C083,4,83.5,334.0
936,2024-05-02,P017,C023,7,84.18,589.26
937,2023-10-24,P005,C003,7,30.73,215.11
938,2024-10-22,P034,C053,7,119.79,838.53
939,2023-06-17,P004,C001,8,129.06,1032.48
940,2025-02-12,P007,C091,3,115.22,345.66
941,2024-10-13,P004,C054,3,125.55,376.65
942,2025-01-14,P046,C033,6,47.72,286.32
943,2025-01-15,P046,C016,9,32.08,288.72
944,2024-07-15,P031,C079,4,35.66,142.64
945,2025-01-20,P024,C035,3,25.25,75.75
946,2025-02-08,P009,C067,5,17.81,89.05
947,2023-11-27,P039,C010,5,89.34,446.7
948,2023-12-08,P024,C052,3,26.41,79.23
949,2023-06-21,P021,C075,1,63.16,63.16
950,2024-11-03,P021,C098,8,58.52,468.16
951,2024-02-04,P011,C070,7,124.08,868.56
952,2023-11-10,P010,C036,1,44.27,44.27
953,2024-06-27,P029,C087,8,11.29,90.32
954,2024-10-27,P040,C067,2,78.89,157.78
955,2023-12-03,P037,C075,1,57.31,57.31
956,2023-10-10,P026,C008,2,46.71,93.42
957,2024-04-22,P026,C039,5,73.19,365.95
958,2024-12-16,P008,C019,5,30.23,151.15
959,2025-01-07,P040,C006,8,73.47,587.76
960,2024-08-04,P048,C090,6,137.86,827.16
961,2023-09-24,P002,C096,8,142.87,1142.96
962,2023-05-30,P045,C002,7,68.41,478.87
963,2025-02-15,P008,C092,7,28.06,196.42
964,2023-08-05,P031,C087,1,45.91,45.91
965,2024-09-15,P014,C012,6,32.48,194.88
966,2024-06-10,P024,C063,6,25.55,153.3
967,2024-03-28,P047,C048,5,116.89,584.45
968,2023-08-30,P050,C097,1,63.01,63.01
969,2025-02-04,P048,C086,4,127.14,508.56
970,2024-09-18,P031,C084,8,38.17,305.36
971,2024-08-19,P038,C072,10,91.49,914.9
972,2024-11-15,P036,C047,9,123.61,1112.49
973,2024-12-05,P031,C091,10,54.71,547.1
974,2024-10-04,P011,C069,2,134.07,268.14
975,2024-01-06,P013,C037,3,59.6,178.8
976,2024-03-08,P034,C060,10,148.46,1484.6
977,2024-09-02,P021,C048,2,42.26,84.52
978,2024-08-26,P033,C045,7,76.68,536.76
979,2024-04-17,P032,C005,1,53.37,53.37
980,2024-03-03,P004,C050,3,96.65,289.95
981,2024-12-02,P048,C057,5,151.12,755.6
982,2024-02-20,P012,C025,1,122.03,122.03
983,2024-05-22,P041,C010,9,47.09,423.81
984,2023-06-07,P002,C098,1,116.82,116.82
985,2023-12-15,P027,C042,5,117.01,585.05
986,2024-10-28,P016,C083,4,16.59,66.36
987,2025-01-31,P001,C041,7,154.23,1079.61
988,2024-02-20,P038,C034,6,128.27,769.62
989,2024-08-04,P045,C017,9,55.66,500.94
990,2025-03-16,P025,C076,10,100.22,1002.2
991,2024-03-22,P034,C004,9,117.66,1058.94
992,2023-12-19,P030,C077,3,109.03,327.09
993,2023-11-11,P003,C041,6,93.04,558.24
994,2024-11-13,P020,C015,1,42.44,42.44
995,2024-05-07,P028,C002,1,32.36,32.36
996,2024-02-18,P036,C001,4,109.28,437.12
997,2024-04-25,P006,C010,1,109.78,109.78
998,2024-02-05,P017,C071,6,107.82,646.92
999,2023-06-13,P042,C033,8,30.74,245.92
1000,2025-04-19,P009,C020,4,21.82,87.28
1001,2024-02-18,P039,C092,10,91.66,916.6
1002,2023-10-16,P020,C082,7,51.69,361.83
1003,2023-08-07,P033,C092,6,83.61,501.66
1004,2025-01-10,P041,C089,1,37.32,37.32
1005,2025-04-21,P049,C039,3,14.9,44.7
1006,2023-07-24,P011,C088,10,158.03,1580.3
1007,2023-09-11,P002,C022,9,99.96,899.64
1008,2024-06-09,P038,C053,3,128.16,384.48
1009,2023-11-22,P035,C081,10,103.4,1034.0
1010,2025-01-22,P026,C039,9,47.86,430.74
1011,2023-12-12,P035,C050,5,160.53,802.65
1012,2024-12-29,P027,C073,3,119.34,358.02
1013,2025-02-10,P007,C046,4,116.69,466.76
1014,2024-06-11,P030,C010,4,77.25,309.0
1015,2024-06-22,P021,C099,7,61.12,427.84
1016,2023-07-07,P003,C092,2,75.12,150.24
1017,2025-04-07,P015,C032,4,70.25,281.0
1018,2024-01-04,P017,C061,7,113.1,791.7
1019,2024-09-18,P025,C079,6,126.97,761.82
1020,2023-11-17,P034,C098,6,115.81,694.86
1021,2024-10-26,P003,C034,1,71.06,71.06
1022,2024-09-30,P029,C094,6,10.39,62.34
1023,2025-01-05,P036,C086,3,106.49,319.47
1024,2025-01-13,P003,C035,7,73.95,517.65
1025,2024-05-24,P005,C035,7,31.99,223.93
1026,2024-09-17,P004,C016,3,127.49,382.47
1027,2025-04-21,P022,C007,8,105.1,840.8
1028,2023-08-24,P048,C057,5,135.18,675.9
1029,2024-10-18,P014,C044,3,45.74,137.22
1030,2025-02-06,P043,C036,3,35.73,107.19
1031,2025-04-30,P016,C016,7,17.11,119.77
1032,2023-10-25,P036,C086,8,78.55,628.4
1033,2024-08-02,P050,C032,4,73.26,293.04
1034,2023-05-15,P010,C096,3,40.86,122.58
1035,2023-06-27,P021,C066,6,52.27,313.62
1036,2024-10-22,P024,C011,8,23.51,188.08
1037,2024-01-24,P030,C058,10,84.59,845.9
1038,2024-12-26,P021,C014,10,64.37,643.7
1039,2023-08-23,P004,C009,7,110.36,772.52
1040,2024-04-10,P001,C017,2,134.73,269.46
1041,2024-11-06,P017,C006,5,86.87,434.35
1042,2024-07-14,P033,C084,10,113.05,1130.5
1043,2025-03-07,P041,C058,9,49.18,442.62
1044,2025-01-28,P020,C049,10,43.14,431.4
1045,2024-06-02,P045,C067,1,61.91,61.91
1046,2023-11-22,P048,C079,1,132.37,132.37
1047,2025-01-24,P045,C009,9,56.91,512.19
1048,2024-02-06,P033,C062,6,76.85,461.1
1049,2024-05-19,P017,C024,4,89.33,357.32
1050,2024-05-15,P004,C056,3,120.84,362.52
1051,2024-05-12,P005,C091,6,36.6,219.6
1052,2024-11-08,P036,C028,1,120.52,120.52
1053,2025-01-02,P003,C091,8,63.43,507.44
1054,2025-01-29,P002,C098,7,135.0,945.0
1055,2024-07-15,P047,C087,2,104.89,209.78
1056,2024-01-12,P011,C028,2,129.13,258.26
1057,2024-04-16,P035,C020,7,112.46,787.22
1058,2023-11-05,P032,C060,5,57.34,286.7
1059,2023-09-12,P008,C014,2,26.33,52.66
1060,2023-08-15,P012,C075,10,115.77,1157.7
1061,2025-03-19,P044,C013,6,55.19,331.14
1062,2023-08-13,P034,C042,3,108.27,324.81
1063,2025-03-21,P022,C019,3,116.54,349.62
1064,2024-02-18,P036,C027,3,110.5,331.5
1065,2023-09-17,P027,C086,5,144.25,721.25
1066,2024-05-07,P032,C062,2,51.1,102.2
1067,2023-08-18,P029,C007,7,14.01,98.07
1068,2024-06-23,P046,C100,7,38.85,271.95
1069,2024-02-15,P002,C077,7,110.72,775.04
1070,2024-03-08,P046,C033,2,38.61,77.22
1071,2024-04-19,P009,C001,7,17.92,125.44
1072,2024-11-20,P022,C067,9,163.83,1474.47
1073,2024-10-25,P031,C012,5,54.42,272.1
1074,2024-05-12,P022,C033,2,104.14,208.28
1075,2025-03-28,P001,C058,10,142.22,1422.2
1076,2023-08-11,P002,C054,9,106.45,958.05
1077,2025-01-03,P046,C007,4,38.95,155.8
1078,2024-05-22,P034,C023,7,131.42,919.94
1079,2023-07-02,P049,C004,2,21.87,43.74
1080,2024-10-23,P004,C051,9,139.87,1258.83
1081,2024-05-17,P022,C026,4,122.86,491.44
1082,2025-03-10,P003,C038,5,66.68,333.4
1083,2024-08-23,P023,C002,9,33.11,297.99
1084,2024-06-07,P011,C056,6,176.39,1058.34
1085,2023-09-21,P048,C054,2,119.02,238.04
1086,2024-07-17,P012,C028,1,148.7,148.7
1087,2023-09-11,P025,C016,3,101.71,305.13
1088,2025-03-11,P017,C093,5,95.36,476.8
1089,2024-10-20,P024,C078,1,18.92,18.92
1090,2023-12-21,P050,C066,3,86.15,258.45
1091,2024-12-13,P050,C012,1,62.29,62.29
1092,2025-03-08,P011,C008,3,170.8,512.4
1093,2024-07-26,P043,C025,2,51.38,102.76
1094,2023-11-17,P024,C064,1,27.33,27.33
1095,2024-07-10,P036,C071,6,91.17,547.02
1096,2023-06-27,P035,C067,5,127.34,636.7
1097,2023-10-13,P016,C097,3,19.88,59.64
1098,2024-01-31,P002,C057,5,99.11,495.55
1099,2023-11-06,P009,C087,4,16.54,66.16
1100,2025-01-19,P008,C053,9,24.36,219.24
1101,2025-02-27,P016,C082,5,17.52,87.6
1102,2023-07-16,P043,C036,7,49.78,348.46
1103,2025-05-07,P011,C036,2,154.23,308.46
1104,2024-10-08,P010,C051,6,31.12,186.72
1105,2024-05-22,P022,C012,3,106.76,320.28
1106,2024-04-01,P018,C040,2,120.6,241.2
1107,2023-09-16,P050,C044,4,57.13,228.52
1108,2024-06-22,P026,C050,3,51.2,153.6
1109,2024-08-22,P020,C033,10,51.42,514.2
1110,2023-10-24,P034,C053,6,94.16,564.96
1111,2024-04-14,P011,C020,8,169.79,1358.32
1112,2024-11-01,P023,C066,2,33.51,67.02
1113,2023-07-01,P024,C054,1,27.43,27.43
1114,2025-01-14,P025,C092,3,93.61,280.83
1115,2023-05-24,P010,C058,3,36.27,108.81
1116,2023-10-04,P021,C046,3,58.02,174.06
1117,2024-08-23,P042,C089,4,29.93,119.72
1118,2024-10-16,P024,C075,8,22.98,183.84
1119,2024-08-09,P020,C097,8,39.27,314.16
1120,2025-04-08,P028,C010,9,28.62,257.58
1121,2023-11-18,P004,C003,10,108.53,1085.3
1122,2024-02-28,P026,C018,4,72.94,291.76
1123,2024-07-27,P033,C090,3,102.75,308.25
1124,2025-03-23,P003,C009,2,95.67,191.34
1125,2024-11-14,P034,C088,4,125.2,500.8
1126,2024-11-03,P009,C021,8,18.3,146.4
1127,2024-11-03,P002,C025,3,154.93,464.79
1128,2025-04-28,P046,C004,4,37.9,151.6
1129,2023-12-19,P032,C006,1,59.17,59.17
1130,2024-05-08,P006,C005,3,99.33,297.99
1131,2024-09-17,P031,C078,10,42.5,425.0
1132,2023-06-08,P027,C084,8,158.17,1265.36
1133,2024-10-12,P042,C095,2,26.32,52.64
1134,2024-05-30,P023,C059,6,30.25,181.5
1135,2023-11-20,P002,C094,2,102.12,204.24
1136,2025-05-04,P012,C003,5,139.52,697.6
1137,2023-08-25,P040,C007,8,86.42,691.36
1138,2025-04-06,P049,C091,1,20.7,20.7
1139,2025-02-04,P032,C051,9,49.64,446.76
1140,2024-06-28,P040,C092,7,63.32,443.24
1141,2023-10-27,P024,C071,10,18.15,181.5
1142,2023-09-03,P042,C100,10,31.43,314.3
1143,2023-10-07,P017,C059,5,80.13,400.65
1144,2025-01-01,P013,C081,9,55.62,500.58
1145,2023-06-04,P004,C019,3,99.8,299.4
1146,2024-08-02,P015,C056,5,61.41,307.05
1147,2023-12-20,P025,C074,9,85.32,767.88
1148,2023-10-19,P035,C045,10,120.35,1203.5
1149,2023-09-26,P034,C024,5,99.96,499.8
1150,2023-07-08,P043,C063,8,41.76,334.08
1151,2024-05-13,P002,C091,1,155.94,155.94
1152,2023-06-12,P028,C004,4,32.94,131.76
1153,2023-07-10,P039,C031,4,89.07,356.28
1154,2023-08-24,P019,C018,8,7.08,56.64
1155,2024-04-17,P027,C072,2,170.58,341.16
1156,2025-04-04,P044,C013,9,75.1,675.9
1157,2024-03-10,P017,C054,3,110.31,330.93
1158,2025-03-26,P026,C096,1,68.13,68.13
1159,2024-07-14,P038,C051,1,105.12,105.12
1160,2025-03-01,P016,C015,2,16.49,32.98
1161,2023-12-02,P039,C003,3,85.42,256.26
1162,2023-10-22,P005,C045,9,33.96,305.64
1163,2024-09-18,P003,C098,3,86.44,259.32
1164,2024-09-11,P021,C051,4,46.13,184.52
1165,2024-02-05,P038,C063,3,128.85,386.55
1166,2023-06-07,P045,C072,6,70.47,422.82
1167,2024-08-25,P004,C039,5,125.85,629.25
1168,2023-05-16,P040,C076,5,72.67,363.35
1169,2025-03-14,P011,C086,5,146.87,734.35
1170,2023-09-05,P039,C062,6,78.68,472.08
1171,2024-10-28,P045,C012,10,68.11,681.1
1172,2024-03-04,P045,C090,9,57.09,513.81
1173,2023-08-01,P005,C034,3,26.99,80.97
1174,2025-02-08,P050,C048,10,72.87,728.7
1175,2024-05-21,P023,C031,5,24.07,120.35
1176,2025-05-07,P048,C094,10,105.51,1055.1
1177,2024-08-31,P030,C014,10,112.65,1126.5
1178,2025-02-07,P026,C034,10,56.18,561.8
1179,2025-03-20,P036,C002,7,97.03,679.21
1180,2024-09-29,P005,C038,7,34.21,239.47
1181,2023-08-22,P003,C001,7,92.42,646.94
1182,2024-01-19,P045,C086,6,57.89,347.34
1183,2023-11-11,P031,C065,1,53.92,53.92
1184,2023-05-14,P048,C006,8,125.08,1000.64
1185,2024-01-31,P031,C041,7,48.39,338.73
1186,2023-06-11,P046,C052,1,45.22,45.22
1187,2023-08-26,P018,C084,2,124.37,248.74
1188,2024-04-21,P004,C020,4,125.64,502.56
1189,2024-04-13,P001,C065,2,135.19,270.38
1190,2023-12-02,P044,C017,6,52.53,315.18
1191,2023-10-07,P036,C058,1,97.89,97.89
1192,2024-12-16,P005,C093,7,36.2,253.4
1193,2024-03-04,P027,C069,8,131.85,1054.8
1194,2023-06-07,P024,C002,2,19.42,38.84
1195,2023-08-19,P029,C025,4,10.19,40.76
1196,2025-01-12,P022,C003,8,152.18,1217.44
1197,2025-01-20,P019,C070,1,7.84,7.84
1198,2024-08-28,P011,C053,4,130.28,521.12
1199,2023-12-30,P034,C043,7,127.97,895.79
1200,2024-02-21,P011,C056,8,177.08,1416.64
